time,treatment,sampler,replicatenumber,sampleid,mass,length,PCB1,PCB2,PCB3,PCB4,PCB5,PCB6,PCB7,PCB8,PCB9,PCB10,PCB11,PCB12+13,PCB14,PCB15,PCB16,PCB17,PCB18+30,PCB19,PCB20+28,PCB21+33,PCB22,PCB23,PCB24,PCB25,PCB26+29,PCB27,PCB31,PCB32,PCB34,PCB35,PCB36,PCB37,PCB38,PCB39,PCB40+71,PCB41,PCB42,PCB43,PCB44+47+65,PCB45,PCB46,PCB48,PCB49+69,PCB50+53,PCB51,PCB52,PCB54,PCB55,PCB56,PCB57,PCB58,PCB59+62+75,PCB60,PCB61+70+74+76,PCB63,PCB64,PCB66,PCB67,PCB68,PCB72,PCB73,PCB77,PCB78,PCB79,PCB80,PCB81,PCB82,PCB83,PCB84,PCB85+116,PCB86+97+109+119,PCB87+125,PCB88,PCB89,PCB90+101+113,PCB91,PCB92,PCB93+100,PCB94,PCB95,PCB96,PCB98,PCB99,PCB102,PCB103,PCB104,PCB105,PCB106,PCB107,PCB108+124,PCB110,PCB111,PCB112,PCB114,PCB115,PCB117,PCB118,PCB120,PCB121,PCB122,PCB123,PCB126,PCB127,PCB128+166,PCB129+138+163,PCB130,PCB131,PCB132,PCB133,PCB134,PCB135+151,PCB136,PCB137,PCB139+140,PCB141,PCB142,PCB143,PCB144,PCB145,PCB146,PCB147+149,PCB148,PCB150,PCB152,PCB153+168,PCB154,PCB155,PCB156+157,PCB158,PCB159,PCB160,PCB161,PCB162,PCB164,PCB165,PCB167,PCB169,PCB170,PCB171+173,PCB172,PCB174,PCB175,PCB176,PCB177,PCB178,PCB179,PCB180+193,PCB181,PCB182,PCB183,PCB184,PCB185,PCB186,PCB187,PCB188,PCB189,PCB190,PCB191,PCB192,PCB194,PCB195,PCB196,PCB197,PCB198+199,PCB200,PCB201,PCB202,PCB203,PCB205,PCB206,PCB207,PCB208,PCB209
1,Ctrl,SPME,S1,1_Ctrl_SPME_S1,NA,24.6,0.157957091,0.005232212,0.017089053,6.870705134,0.004807989,0.525592379,0.046071877,1.691228745,0.016785027,0.630658108,0.096351345,0.086629141,0.003937644,0.248353504,0.372287752,3.122166545,1.128262902,3.299221988,2.711623955,0.309081869,0.460849716,0.007007806,0.0060362,0.799386486,0.991054322,1.343778431,1.941207961,1.867652659,0.085786532,0.028994865,0.0076336,0.171238484,0.006288374,0.024708462,1.491207718,0.14118844,0.71225188,0.288107711,3.245277898,0.31904739,0.241241549,0.466493224,1.866948696,0.980557628,0.578404995,2.738780909,0.085232715,0.024800882,0.530699297,0.053208,0.026483843,0.288167117,0.162259772,2.533649998,0.210028385,0.832634607,1.463135473,0.064369749,0.072913453,0.060324538,0.027729921,0.100257061,0.007613556,0.022912893,0.008199893,0,0.139300057,0.164802941,0.358963546,0.150576793,0.370583328,0.24443067,0.078136778,0.044695131,0.833131067,0.232336645,0.307941535,0.054703371,0.050864464,0.998700126,0.037105655,0.014202182,0.488034851,0.094226602,0.030690532,0.010160509,0.195004054,0.009526845,0.07566587,0.040440261,0.831009149,0.009292819,0.012885175,0.032913406,0.046721795,0.067064603,0.479008142,0.008580098,0.004011257,0.020089165,0.019463642,0.009406431,0.008900801,0.053293026,0.214181662,0.034650534,0.017423624,0.093352047,0.020148357,0.040202408,0.127098828,0.067506713,0.036132638,0.032306823,0.045942498,0.013903034,0.011332112,0.035578681,0.009599463,0.044123351,0.223018675,0.016539306,0.012201299,0.011413945,0.15199166,0.017006609,0.01059293,0.03230571,0.034217471,0.01467838,0.011404304,0.011673272,0.019157419,0.023622995,0.009800999,0.028914866,0,0.04673792,0.084109103,0.027007283,0.05166969,0.017665314,0.021410363,0.033732844,0.028015033,0.028221353,0.046240466,0.154480363,0.236489849,0.035977287,0.286946166,0.023903798,0.043979692,0.046300117,0.183037834,0.011393967,0.037095101,0.010473888,0.022399621,0.032030986,0.020956261,0.011637908,0,0.027610859,0,0.015976695,0.020945435,0.010382354,0,0.025727335,0.023703485,0.019629132,0.206818829
1,Ctrl,SPME,S2,1_Ctrl_SPME_S2,NA,28.3,0.066269889,0.003595063,0.010728139,1.999633952,0.002221371,0.148424136,0.014146718,0.485624394,0.005939063,0.184827303,0.07628575,0.038963566,0.001962883,0.109880013,0.165468282,1.125339108,0.43233966,1.243026896,1.125899566,0.127014509,0.205333768,0.002503114,0.00217794,0.317181594,0.405298032,0.551489874,0.787341889,0.777376805,0.032398582,0.016638094,0.002929999,0.085240637,0.004143259,0.012061896,0.806519345,0.065330708,0.37227707,0.134395243,1.569129382,0.162211561,0.117518772,0.195183946,0.890318893,0.492289905,0.255698556,1.453226064,0.034467941,0.014651753,0.303016238,0.032546489,0.017397126,0.150265938,0.0894822,1.361499379,0.110362287,0.433213666,0.78769239,0.038356134,0.048108713,0.036260382,0.009992127,0.062545678,0.007576349,0.01213243,0,0,0.094282309,0.111441132,0.2146378,0.096401753,0.214379956,0.16521658,0.052628438,0.026485739,0.561865203,0.130878604,0.180800401,0.033875857,0.029520954,0.662329489,0.020383137,0.010576981,0.289871876,0.060887086,0.023517284,0.004219618,0.116754302,0.008803123,0.039566837,0.024818095,0.534212464,0.003716707,0.008637928,0.024559523,0.026074481,0.046746887,0.30031864,0.005804646,0.00526089,0.014152036,0.014161462,0.006208469,0.002893854,0.038361551,0.162347525,0.025152683,0.016034311,0.079892809,0.021191591,0.027258254,0.097391318,0.054570716,0.028992569,0.025489834,0.031121054,0.018816906,0.013067268,0.02313584,0.011566857,0.030689948,0.186916259,0.013432006,0.008739611,0.00806292,0.112980556,0.014977509,0.007069255,0.021988452,0.027577836,0.007066208,0.008808078,0.012801448,0.007102677,0.018895033,0.009133171,0.022641237,0,0.017606635,0.069411203,0.027014103,0.050142004,0.014360972,0.013830108,0.02368126,0.023584762,0.017244921,0.034407082,0.139951018,0.237893599,0.032100824,0.273024749,0.023319039,0.039527902,0.033575292,0.184536467,0.016189477,0.016009309,0.012414337,0.013370106,0.019644978,0.017155863,0.009214643,0.000257879,0.015228324,0.013109732,0.010580753,0.010397882,0.012647674,0,0.027699225,0.025808046,0.006536992,0.202152354
1,Ctrl,SPME,S3,1_Ctrl_SPME_S3,NA,24.7,0.185667591,0.008182485,0.024458255,7.588311173,0.005593342,0.682569277,0.054506571,2.14664362,0.022196016,0.654294731,0.120670238,0.112554546,0.002633334,0.28534463,0.486093528,3.85014362,1.47724088,4.06320544,3.256169711,0.464939731,0.597775051,0.006717801,0.006557924,0.907085048,1.134110816,1.529395016,2.441634447,2.29823698,0.086975353,0.025421231,0.004841496,0.193688161,0.00883176,0.027907208,1.55411078,0.112379074,0.753990183,0.292551358,3.238441082,0.435156161,0.311573626,0.518920897,1.900579901,1.137932676,0.599099427,3.115255879,0.096489231,0.022807254,0.57062729,0.054876655,0.021973586,0.271428251,0.180345281,2.535296695,0.185555723,0.858459624,1.515217092,0.065092992,0.059620703,0.051341473,0.02128297,0.097562346,0.005457187,0.013521148,0,0,0.127724842,0.187208018,0.356070994,0.138214312,0.331212304,0.234334302,0.085594129,0.041427624,0.792024134,0.171802539,0.255849877,0.043141277,0.046054442,1.003725344,0.041579342,0.009576591,0.397911577,0.088935692,0.028534155,0.006833954,0.205526655,0.004377025,0.060228608,0.026198858,0.838699361,0.006266187,0.008846114,0.032819206,0.032742017,0.060597406,0.463484467,0.007441207,0.004238259,0.013928453,0.014367102,0.006829832,0.015824315,0.042811886,0.214194012,0.032587038,0.019125775,0.093903095,0.02188715,0.037071581,0.111815765,0.06532216,0.028400442,0.022862168,0.043888307,0.014076371,0.011249336,0.029798762,0.006643052,0.041690316,0.232236566,0.013565138,0.009612837,0.009687166,0.151184605,0.019042909,0.012204704,0.03092833,0.033526801,0.002663426,0.007606125,0.011361294,0.005834118,0.021937015,0.007934335,0.028085424,0,0.039866079,0.082553184,0.017073208,0.048587895,0.009568094,0.010310011,0.034423126,0.030587683,0.023020944,0.053904162,0.195009589,0.325513159,0.039095744,0.38584592,0.024036951,0.053877689,0.04781431,0.237491161,0.009286184,0.017712969,0.017184861,0.009147252,0.024537138,0.014610933,0.011974648,0,0.019080131,0.011661533,0.008241981,0.012066618,0.016957302,0.01622487,0.029722588,0.030852722,0.008315837,0.197925194
2,Ctrl,SPME,S1,2_Ctrl_SPME_S1,NA,31.35,0.007413524,0.002303791,0.010611039,2.060108243,0.002172712,0.0200297,0.004554982,0.066603614,0.003886575,0.229189012,0.070925991,0.042755434,0.002715936,0.173066082,0.250684852,1.463798219,0.44415569,2.16564068,1.861525424,0.081009209,0.196538425,0.00239506,0.003169369,0.473552388,0.658757412,0.971257487,0.832663044,1.344070952,0.041447564,0.021837782,0.003290383,0.134567646,0.008302684,0.018238248,1.503958742,0.136733561,0.704469184,0.259036391,2.954508252,0.300260032,0.219843731,0.297550889,1.652932941,0.832812102,0.439029773,2.571287328,0.061199174,0.021802422,0.613884791,0.056781128,0.020078927,0.260122118,0.163242125,2.383287241,0.210951681,0.782177802,1.651122105,0.066223789,0.074067877,0.057164296,0.024771798,0.111216746,0,0.018149022,0.005237108,0,0.187918365,0.103863878,0.420273303,0.191595216,0.458989693,0.327075549,0.163360605,0.052689288,1.039882126,0.192980039,0.374845312,0.065747181,0.055659003,1.152097646,0.037892824,0.011303189,0.673990759,0.123870966,0.040761138,0.007428937,0.310074911,0.003356554,0.096269557,0.038480524,1.200701372,0.006142391,0.010047118,0.030369207,0.024527781,0.107784801,0.708244713,0.009416333,0.003391451,0.015280168,0.023685644,0.00926052,0,0.056182661,0.313572921,0.037744908,0.023323183,0.140040662,0.020840231,0.055817307,0.177465555,0.07982893,0.036921694,0.039747102,0.06429467,0.015530085,0.006801097,0.042881972,0.007536901,0.063482899,0.31936113,0.012583527,0.008854305,0.01076869,0.206872357,0.021697001,0.004966085,0.039694372,0.043999233,0.003973079,0.003745831,0.009817358,0.008876781,0.025107658,0.005736493,0.027010349,0.007644124,0.022117256,0.03999302,0.022566398,0.042617388,0.005964554,0.013443567,0.045328302,0.019585435,0.029645568,0.048647901,0.0889441,0.120303841,0.029173259,0.14214319,0.018417174,0.021670312,0.05112352,0.094526772,0,0.017584025,0,0.006498211,0.009264356,0.015831998,0.013892647,0.022059132,0.029605409,0.018747393,0.012658498,0.011026112,0.020490304,0.014820816,0.019320268,0.027707734,0.013206952,0.189170184
2,Ctrl,SPME,S2,2_Ctrl_SPME_S2,NA,31.4,0.095226918,0.003807631,0.009967941,2.970514023,0.003516406,0.06396451,0.009861125,0.191729866,0.004795123,0.301635797,0.080362704,0.047063992,0.002149152,0.182466236,0.273157892,1.720715902,0.507349842,2.317200291,2.034792788,0.098433244,0.23066447,0.002892733,0.003765185,0.539132406,0.730582718,1.056361427,0.926913441,1.476462547,0.043583953,0.024785737,0.003525409,0.152609395,0.007998454,0.022100704,1.618736699,0.125501318,0.800501101,0.299787171,3.16326758,0.350407709,0.246829259,0.342616432,1.798640839,0.884036904,0.447680963,2.815177376,0.065320988,0.016125132,0.660017896,0.059717578,0.02973165,0.298787891,0.154822651,2.650658572,0.209015804,0.859691875,1.736374681,0.069608879,0.082091391,0.064519542,0.020335687,0.146847329,0.005434053,0.020093552,0,0,0.201716597,0.128547614,0.471276082,0.221641002,0.5084806,0.336954988,0.204499014,0.055948131,1.130276135,0.191423717,0.400413694,0.056361461,0.062865214,1.272107543,0.046404501,0.011106628,0.717509129,0.128751192,0.036770015,0.006854076,0.306206953,0.004935326,0.105386533,0.035981773,1.300089574,0.004239273,0.008825328,0.047954166,0.022386658,0.102171857,0.765254258,0.011372969,0.002966189,0.02149495,0.025763321,0.007884353,0.004138318,0.061197493,0.339256285,0.042600243,0.01888661,0.149806248,0.026391426,0.062418091,0.186752809,0.087349407,0.047768027,0.036987062,0.056036204,0.009213878,0.002709514,0.040070424,0.008950175,0.059500562,0.349779405,0.015378831,0.012965941,0.008255861,0.219381677,0.026055485,0.008297915,0.033333337,0.041099931,0,0.005830226,0.012079037,0.011119448,0.024037406,0.00458496,0.039557582,0,0.013335641,0.064570685,0.020619672,0.042119569,0,0.015357687,0.05824404,0.018955832,0.032084629,0.049242524,0.238366735,0.37996391,0.028823802,0.449821436,0.019720767,0.05811751,0.048925762,0.292639164,0,0.012944694,0,0.006059401,0,0.020388336,0.012057379,0.03380685,0.038358113,0.021071516,0.007188717,0.013798911,0.018888025,0.009809081,0.023482834,0.029695653,0.014235147,0.191379853
2,Ctrl,SPME,S3,2_Ctrl_SPME_S3,NA,31.8,0.050261292,0.003113873,0.007245086,2.271372775,0.002152183,0.056941662,0.010089605,0.160906469,0.004446266,0.242970683,0.073873742,0.049266091,0.001546135,0.201090152,0.23810767,1.477181846,0.421444636,1.92084332,1.883750702,0.083375367,0.22960892,0.00107394,0.002620952,0.492992159,0.669543707,0.8781665,0.887384509,1.307560223,0.036539423,0.024364191,0.00418607,0.148189446,0.006527172,0.016506882,1.561057839,0.115967638,0.720055507,0.252475552,2.878815751,0.286460524,0.219307152,0.301743393,1.599365121,0.771323813,0.410397434,2.488625518,0.053846121,0.016401779,0.628577016,0.064813239,0.027051662,0.254286985,0.148435905,2.497908274,0.199588911,0.802888594,1.650014535,0.061536849,0.06913221,0.056975738,0.019170113,0.124308185,0.004854743,0.017819621,0,0.003311307,0.177254549,0.126928237,0.424636985,0.18729109,0.431591234,0.30392681,0.194116545,0.050540341,0.952947578,0.145952586,0.334728429,0.050118936,0.062548314,1.086837799,0.039113885,0.007028495,0.621316347,0.109105423,0.03397244,0.004353167,0.289148012,0.004149357,0.095792078,0.040985963,1.22676437,0.004598908,0.00921499,0.035958994,0.019939926,0.092694282,0.67016349,0.004699244,0.003217823,0.019125842,0.019691289,0.004734104,0.003962373,0.050168715,0.286518594,0.039591318,0.017569458,0.130521729,0.024459508,0.042273447,0.159762724,0.073046213,0.034960061,0.030549876,0.049222543,0.01119893,0.003245527,0.034721779,0.004925821,0.051850909,0.307196269,0.012017621,0.011315405,0.008034563,0.194181877,0.022278577,0.007655947,0.031209538,0.039553876,0.003309012,0.001674446,0.011537063,0.007707511,0.023851775,0.004938658,0.030541229,0.001771801,0.027341175,0.037457648,0.033222077,0.047914529,0.006824256,0.013440229,0.047954276,0.0174547,0.024607626,0.043253656,0.198052554,0.343499691,0.024372754,0.404745195,0.011702003,0.051001498,0.05417013,0.265860722,0,0.00529845,0,0.006694197,0.00753763,0.012329975,0.019151246,0.021730241,0.023331205,0.019426419,0.00408673,0.009370894,0.012885235,0.00471121,0.009528016,0.029160553,0.014786108,0.172532845
3,Ctrl,SPME,S1,3_Ctrl_SPME_S1,NA,31.6,0.003113074,0.000552608,0.002295876,0.569892575,0.00041409,0.008439349,0.001726982,0.020042625,0.001125467,0.033018603,0.015921454,0.026048397,0.00052383,0.104585759,0.190905143,1.045171885,0.2006128,2.18922089,1.385983548,0.017570251,0.05127933,0.000661546,0.002195727,0.304669053,0.475937322,0.994488424,0.185100513,1.338680117,0.01492877,0.017550285,0.001978939,0.098734895,0.006286122,0.01152173,1.704612062,0.077171388,0.762411024,0.24460214,3.161142005,0.304542017,0.242144192,0.186300563,1.728195902,0.914133621,0.49929178,2.687562901,0.065601288,0.017406606,0.637139507,0.054440769,0.035156374,0.264910249,0.070490801,1.591612478,0.136835239,0.791398832,1.669372107,0.060146898,0.069859775,0.055445846,0.021609344,0.114164131,0.007346711,0.011375641,0,0.002991654,0.231264894,0.251694687,0.453761306,0.222813616,0.503119098,0.316045594,0.185600746,0.048663137,1.016242138,0.172073523,0.379535923,0.056205643,0.059658488,1.083735491,0.036377425,0,0.634615547,0.130711077,0.031533851,0.004146686,0.328203861,0,0.114281093,0.036343699,1.366454067,0.00566113,0.009034985,0.035220828,0.005716313,0.107439642,0.802798611,0.008376469,0.003391726,0.025397959,0.024677024,0.00572377,0,0.065623244,0.421784152,0.039270914,0.017050903,0.159558371,0.028344777,0.052476479,0.176424621,0.063785206,0.048410969,0.032809203,0.059113443,0.006628906,0.007164112,0.030353907,0.005685911,0.061662733,0.339402067,0.009692371,0.010533791,0.007343582,0.244349082,0.021578695,0.006585668,0.041215749,0.050451204,0.004230719,0.003158504,0.011210173,0.005779338,0.025513976,0.005001008,0.028222459,0,0.040828457,0.065267254,0.015050478,0.082231617,0.007465119,0.015717645,0.055496791,0.024666574,0.037142137,0.094218187,0.229300596,0.412578399,0.045499144,0.483966422,0.018450548,0.061002103,0.096124507,0.321841074,0,0.014143394,0.005388817,0,0.023832467,0.024581407,0.023773551,0,0.059912243,0.039569656,0.010357118,0.019395587,0.036363026,0,0.018834759,0.021326284,0.019843537,0.178392196
3,Ctrl,SPME,S2,3_Ctrl_SPME_S2,NA,33.2,0.006566885,0.003910903,0.006256213,0.651208299,0.001311161,0.010331758,0.00411334,0.03439002,0.004391687,0.031421599,0.073504259,0.036789593,0.001412913,0.166090863,0.25363379,1.421038873,0.2794508,2.937699355,1.769549661,0.032470274,0.061526043,0.001550557,0,0.368241717,0.593830061,1.281977555,0.246123818,1.748593907,0.020920724,0.020542606,0.002871336,0.108579872,0.009512767,0.017222616,1.902508207,0.136203508,0.901051784,0.318593632,3.813388859,0.368160379,0.293848093,0.231345356,2.144590301,1.115131565,0.684341701,3.273380617,0.088479152,0.016439946,0.665151599,0.060135639,0.041664664,0.330790775,0.066625783,1.78785067,0.157715254,0.937442025,1.843583285,0.066753597,0.079898023,0.064978023,0.028089739,0.115450398,0.007434857,0.028325033,0.00071968,0.005345648,0.24119993,0.326277236,0.542425135,0.236279439,0.582862215,0.356027134,0.211577722,0.062587497,1.188394165,0.218814142,0.432203318,0.08429091,0.065619334,1.377772184,0.044646187,0.008770565,0.706616715,0.147162018,0.044346131,0.00697804,0.334388275,0.007288413,0.115045654,0.04061151,1.476598975,0.005738785,0.019244197,0.038849981,0.006235051,0.106662006,0.83560621,0.012967055,0.003406995,0.023754115,0.027526335,0.008371579,0,0.07823248,0.398585332,0.040720599,0.022448357,0.173982131,0.029955385,0.061505929,0.215665089,0.092010098,0.040869314,0.036078879,0.05775635,0.008969707,0.011908443,0.043878336,0.009698972,0.0705785,0.387699746,0.019639185,0.010527268,0.009332488,0.256377965,0.0269573,0.010465274,0.047396376,0.060584465,0.003192965,0.006484171,0.012386806,0.006012796,0.032059132,0.008131153,0.035386917,0,0.036066317,0.051026213,0,0.05355033,0.01109851,0.014506473,0.048360164,0.030395101,0.033771702,0.058167012,0.200598921,0.33818253,0.032765875,0.398445823,0.016284509,0.050936169,0.067454677,0.258693786,0,0.022789242,0.012622938,0,0.025499731,0.026690836,0.030239704,0.029582184,0.048797056,0.020399194,0.009169831,0.014885477,0.034731917,0.012790506,0.016459073,0.027748337,0.020873743,0.20164152
3,Ctrl,SPME,S3,3_Ctrl_SPME_S3,NA,28.25,0.011512921,0.003812187,0.008180542,0.62287841,0.001884425,0.014308021,0.00465873,0.045242459,0.003398068,0.040395457,0.06864265,0.025963559,0.002639864,0.110451992,0.180691613,0.924866002,0.209546866,1.882892082,1.276600254,0.033656655,0.060443959,0.001904164,0.00174619,0.291548653,0.448894294,0.841448773,0.243160824,1.157600526,0.015579052,0.016799724,0.002416522,0.087888119,0.005893708,0.012790375,1.450061948,0.095176036,0.65799348,0.227390561,2.859179583,0.316976836,0.210847973,0.163980862,1.564603034,0.799083371,0.410101511,2.473484334,0.059115901,0.012084059,0.53183936,0.05262489,0.029762494,0.237909389,0.07373022,1.517134979,0.13171833,0.738264856,1.395235012,0.049042971,0.066365751,0.0544514,0.018673438,0.113359827,0.002582332,0.025225823,0.001178406,0.010236897,0.213803645,0.192724935,0.436724116,0.189738341,0.449184891,0.331307588,0.152431346,0.051648478,1.005162011,0.198783212,0.366283578,0.053224437,0.048397438,1.138032294,0.03907729,0.008515684,0.589801316,0.120251135,0.032638935,0.004474463,0.286949913,0.004588286,0.093815731,0.036185856,1.301448751,0.004348886,0.014482096,0.035353436,0.008612062,0.109425793,0.721744449,0.00885751,0.00202859,0.019489286,0.02357629,0.007570945,0,0.062943715,0.35283541,0.039023453,0.018752677,0.145527895,0.03171417,0.047599427,0.178555027,0.081632584,0.044075191,0.033324607,0.047425665,0.007943779,0.00647483,0.03680886,0.008332015,0.060684863,0.333796654,0.012964674,0.010973591,0.009212725,0.224331432,0.021122641,0.008722697,0.036320119,0.047954524,0.003560233,0.005485053,0.013291326,0.007145291,0.022019184,0.007810524,0.034848488,0,0.031108078,0.0481413,0.011362558,0.045321973,0.011091039,0.016427497,0.019164429,0.028831238,0.032823855,0.053309498,0.18802624,0.354639766,0.032629907,0.416017263,0.012645484,0.0511695,0.055776086,0.26644298,0,0.014988304,0.006793178,0.003992568,0.019379825,0.023687264,0.018342624,0.046249704,0.032171347,0.047859166,0.008292398,0.014870978,0.014418461,0.013097499,0.026168234,0.030164988,0.029306255,0.19224115
1,LB400,SPME,S1,1_LB400_SPME_S1,NA,39.7,0.914969457,0.01942385,0.069904657,13.42726041,0.013243073,1.34943565,0.147959199,4.75899922,0.056863979,1.370635883,0.127887376,0.177008834,0.004711192,0.461523919,0.659208765,5.853635281,2.095900576,6.835164702,4.707198634,0.583803079,0.823094955,0.009773805,0,1.426152257,1.67123715,2.457052614,3.364976649,3.414884823,0.149006019,0.042661936,0.00368057,0.268714044,0.012358086,0.037276212,2.158510358,0.152342135,1.075604669,0.446569598,4.79454229,0.626820315,0.395220991,0.697770019,2.767719645,1.610884975,0.888218052,4.334030293,0.149099585,0.030389285,0.801835665,0.084904124,0.034239526,0.406536264,0.219947776,3.591114674,0.326301885,1.179061063,2.255616884,0.092303577,0.094053568,0.086607481,0,0.130762772,0.00426549,0.024318928,0,0.005289801,0.204204468,0.352578399,0.5023772,0.204953202,0.467905949,0.317047982,0.289842687,0.057685331,1.098013237,0.149954923,0.374454168,0.067610298,0.076633715,1.328466705,0.054939753,0.007859597,0.562682824,0.147609486,0.049562424,0.008465946,0.324512835,0.006129658,0.108827392,0.032468023,1.245674291,0.005510055,0.010817642,0.036472615,0.019874695,0.090481871,0.72062171,0.007439395,0.002398882,0.019139815,0.010553238,0.006376407,0,0.049866543,0.300958352,0.037784349,0.018455476,0.139179408,0.023048897,0.049946927,0.163856778,0.082252587,0.033637119,0.024160556,0.052662731,0.007218562,0.004115388,0.028721733,0.00476623,0.056629241,0.303883936,0.011873845,0.010769898,0.007800168,0.203307993,0.017811817,0.008494396,0.033554952,0.044344168,0.00360213,0.003646841,0.010291905,0.003406149,0.02563693,0.003793515,0.018670369,0,0.025189277,0,0.011255093,0.041824086,0,0.010496821,0.027333872,0.014212343,0.024268939,0.042517155,0.137628193,0.244596724,0.022974675,0.303005521,0.013513502,0.040725479,0.045076973,0.189418142,0.015352822,0,0,0,0.01964361,0.017154669,0,0,0,0,0.007673418,0.006970822,0,0.005227164,0,0.029786317,0.009099884,0.203646772
1,LB400,SPME,S2,1_LB400_SPME_S2,NA,37.45,,,,,,,,,,,,,,,,,,,,,,,,,,,,,,,,,,,,,,,,,,,,,,,,,,,,,,,,,,,,,,,,,,,,,,,,,,,,,,,,,,,,,,,,,,,,,,,,,,,,,,,,,,,,,,,,,,,,,,,,,,,,,,,,,,,,,,,,,,,,,,,,,,,,,,,,,,,,,,,,,,,,,,,,,,,,,
1,LB400,SPME,S3,1_LB400_SPME_S3,NA,31.85,0.315085512,0.00734009,0.01892437,2.778565237,0.002750105,0.236998947,0.024357757,0.674458853,0.011806001,0.339413812,0.075203862,0.043186844,0.001546187,0.139838224,0.124920403,1.04731378,0.351636111,1.335548397,1.330921677,0.085672073,0.22189094,0.002440854,0,0.316565124,0.359788452,0.578931516,0.713296624,0.887918746,0.032114465,0.016243341,0.002579875,0.118834189,0.004986202,0.012256359,0.80080989,0.062884724,0.379083684,0.107447569,1.547430409,0.167070704,0.134277291,0.178869845,0.799269737,0.510425943,0.262179489,1.086586942,0.041772943,0.012245576,0.333459692,0.030647548,0.011341271,0.148355435,0.113501025,1.28738321,0.123022534,0.483040624,0.947278363,0.034010976,0.050252418,0.029195998,0.015620619,0.079822865,0.003034317,0.018780592,0.003987827,0,0.102478738,0.124838781,0.231728292,0.109864381,0.244181885,0.16410821,0.114717963,0.031613947,0.534256398,0.091811977,0.174899228,0.031345279,0.036763618,0.661732776,0.026036435,0.007731604,0.310012943,0.06800542,0.019701576,0.00312303,0.15545651,0.001070838,0.046740172,0.017584076,0.621202376,0.003334321,0.00471237,0.029224802,0.010098123,0.048584559,0.395684154,0.004064348,0.000643586,0.010222777,0.012958575,0.002924104,0.003142678,0.028377381,0.162988433,0.025185727,0.010226466,0.074431572,0.007216592,0.021646825,0.100805695,0.049119362,0.02432061,0.019231113,0.028358607,0.005760086,0.002056832,0.021727179,0.003479961,0.029590214,0.185488452,0.007867462,0.007328485,0.004842794,0.129852048,0.015166086,0.006660492,0.014516407,0.025335413,0.003191185,0.003887536,0.005199707,0.003464564,0.011280056,0,0.010350333,0.008087899,0.022483103,0.04621909,0.008560069,0.020804731,0.00748902,0.009123845,0.020582338,0.014796907,0.017694469,0.028460326,0.111584421,0.181939686,0.018154188,0.219466038,0.011630791,0.030405552,0.025712494,0.149610457,0.017066673,0.00416644,0,0,0.009974062,0,0.004739913,0.01983581,0.027038338,0.01051772,0.005153891,0.006983305,0.009399473,0.012368294,0.007718546,0.021538044,0.006127176,0.231424113
2,LB400,SPME,S1,2_LB400_SPME_S1,NA,23.25,0.595867442,0.011829616,0.033429476,8.18890063,0.008422196,1.15077047,0.097416999,3.574585066,0.036949905,1.099063797,0.10937086,0.113911948,0.003344788,0.293037546,0.437543696,4.689654691,1.397247014,6.422998062,3.577717494,0.402275485,0.576823386,0.012425154,0,1.143679465,1.399081308,2.517241353,2.291089957,2.869090687,0.126412707,0.028950957,0.005154574,0.194085317,0.010030633,0.026557252,2.073715681,0.106164515,1.001340662,0.427713426,4.531904383,0.458349565,0.344491567,0.585437264,2.529454681,1.465432665,0.948568006,3.748464926,0.133429991,0.026460595,0.699454298,0.072520576,0.035672835,0.374106382,0.193143813,3.023530213,0.264483431,1.104797458,2.02171384,0.082315134,0.093696048,0.071958474,0.03236771,0.108083999,0.004553163,0.012262448,0.001721507,0.00520121,0.195764916,0.240976198,0.441114245,0.199249395,0.468526654,0.283523999,0.381972974,0.056606458,0.996798471,0.077693509,0.378388901,0.076160827,0.076697414,1.211209698,0.051352279,0.00333766,0.616624072,0.160233062,0.052081306,0.006021881,0.292748686,0.002033991,0.098150139,0.032198434,1.167969849,0.005132186,0.008751947,0.035507338,0.00831571,0.094693758,0.686734462,0.006815293,0.001375259,0.021140057,0.017977883,0.002777078,0.001103027,0.049093704,0.276801945,0.030850061,0.011390895,0.109385636,0.020555037,0.039388598,0.127543192,0.05608893,0.029887014,0.024239029,0.035773482,0.006253944,0.004087904,0.024012056,0.004902937,0.044416194,0.241184765,0.008822913,0.007312011,0.005891495,0.160353034,0.015929534,0.004903688,0.030793767,0.033024483,0,0.001247531,0.007989953,0,0.016957101,0.001463371,0.020103794,0,0.023665384,0.020296357,0.007055293,0.034600387,0.005489086,0.007519963,0.030674045,0.01271216,0.019308892,0.041361298,0.160363239,0.260209688,0.021117623,0.311359298,0.00986365,0.037373488,0.04080007,0.196204251,0,0.008966332,0,0,0.013204598,0.007622707,0.010445453,0.025315523,0.02106251,0.012253027,0.005112842,0.006927685,0.013080238,0,0,0.015105714,0.007910612,0.169510593
2,LB400,SPME,S2,2_LB400_SPME_S2,NA,24.8,0.522750701,0.008322184,0.029240914,6.249668733,0.005672234,0.605837932,0.078239626,1.75967697,0.026307862,0.754253467,0.070426075,0.099018027,0.001439377,0.290046314,0.370703222,3.451354776,1.087861281,4.557596573,3.381018904,0.274307512,0.489789701,0.004661518,0.004988134,0.929028381,1.066317495,1.710116897,1.890664802,2.515338467,0.090401127,0.024890457,0.004670477,0.188111322,0.007782893,0.023774073,1.836817947,0.099366273,0.903893061,0.33625708,3.936042264,0.412090462,0.332839083,0.505638455,2.190336986,1.30844063,0.819929774,3.12478835,0.116824185,0.027747718,0.643781063,0.062601115,0.033819,0.34459483,0.186973341,2.729847581,0.233840853,1.003920945,1.910786143,0.074085891,0.076823848,0.065440223,0.026973408,0.105625004,0.002395971,0.01288382,0.001081806,0.028299473,0.174492118,0.17782185,0.407716221,0.174163436,0.421093686,0.241541502,0.348772568,0.052692184,0.845907546,0.058158095,0.310679044,0.069759211,0.065510658,1.100330371,0.04875677,0.00306544,0.546169779,0.14161938,0.040665454,0.004952897,0.255706395,0.002519474,0.080871127,0.027818426,1.070335707,0.002744764,0.006634347,0.029139271,0.006689763,0.084113108,0.626190216,0.004198225,0.001231084,0.015441861,0.017089013,0.002620895,0.000878198,0.038626342,0.218034269,0.021066626,0.011170503,0.088639473,0.015717265,0.030247507,0.107601781,0.044862001,0.023105263,0.016629541,0.03328627,0.005131387,0.003606245,0.020615727,0.004317221,0.035041739,0.19569746,0.006611836,0.005226056,0.004974036,0.126056197,0.012084609,0.004529096,0.022340284,0.026556653,0.00062579,0.001665898,0.005392578,0,0.01397646,0.001472342,0.016654031,0,0.016687442,0.029378285,0,0.029998976,0.007264643,0.006321777,0.020441048,0.010722858,0.0156931,0.033517668,0.129415876,0.194619085,0.016842308,0.229685601,0.010388674,0.029990285,0.03266231,0.144911843,0,0.007320652,0,0,0.009487818,0.007062044,0.00563979,0.016492726,0.015406803,0.016852511,0.002940869,0.004781703,0.007749075,0.004459798,0.012758958,0.014614098,0.009772206,0.183371736
2,LB400,SPME,S3,2_LB400_SPME_S3,NA,20.2,0.39710923,0.007153947,0.019912769,4.242255139,0.003503242,0.426571845,0.053474497,1.278477807,0.018633923,0.601221691,0.051249328,0.069246047,0.00202464,0.227638412,0.254235362,2.379515569,0.783939959,3.297150556,2.481735985,0.217663713,0.394951084,0.003859355,0.005077942,0.644321841,0.745343982,1.20896057,1.38031564,1.832488078,0.068101021,0.020506207,0.003872173,0.164060584,0.007278501,0.018814166,1.428151755,0.084851437,0.652902118,0.248133753,2.900421896,0.336198105,0.227251408,0.379075689,1.586251719,0.923914285,0.5652223,2.213408285,0.082008708,0.02168015,0.500260716,0.04484248,0.025341593,0.261213135,0.164990288,2.094430361,0.192553702,0.783868343,1.441633337,0.054412138,0.062303108,0.048069132,0.020265416,0.088364447,0.001132378,0.010165187,0,0.018887073,0.140815598,0.208320096,0.306595168,0.144498688,0.32709355,0.202239549,0.277152977,0.040243014,0.66541893,0.038219714,0.247045951,0.050628835,0.050906093,0.841520383,0.035024776,0.002933681,0.408970026,0.104806973,0.031993633,0.004507657,0.213017477,0.001708929,0.064956514,0.024288379,0.838861844,0.004234358,0.005810618,0.025001351,0.004958584,0.059701769,0.513218027,0.005550702,0.0023702,0.011820805,0.013350203,0.001709348,0.001408991,0.033162485,0.211838687,0.022826052,0.011265158,0.079703056,0.018253524,0.026857358,0.093869416,0.04193275,0.018099816,0.015679255,0.029875835,0.003916078,0.003197115,0.018474664,0.002769836,0.032992618,0.187014611,0.0074628,0.006358141,0.004655714,0.126804978,0.010650387,0.004770525,0.0178701,0.027332856,0.000642984,0.00188828,0.006463857,0,0.014402586,0.001162381,0.015425497,0.002459387,0.013882034,0.041111723,0.012718144,0.034469478,0.006216695,0.006993059,0.026427386,0.009454361,0.018041883,0.039129405,0.119226707,0.161987925,0.019963296,0.18530792,0.010372564,0.021279644,0.040883772,0.120392923,0.002950432,0.00788387,0,0,0.008398473,0.011742936,0.008347598,0.016286115,0.021859479,0.024416765,0.005067402,0.007247566,0.011687054,0,0.013396223,0.01512963,0.006724152,0.168449436
3,LB400,SPME,S1,3_LB400_SPME_S1,NA,28.9,0.024349831,0.003056449,0.003849888,2.618841493,0.005062023,0.463604891,0.159993108,0.535832482,0.013104987,0.422731413,0.061655025,0.181800355,0.002855983,0.418443103,0.907179854,8.113686926,2.410449587,6.588264338,11.34344797,1.63383785,1.587924362,0.030192798,0.016709038,2.55922189,2.850158523,3.282329346,5.58224772,4.469456536,0.202703483,0.082994199,0.004962789,0.691246478,0.031408579,0.076505406,6.609531116,0.842617561,3.209076568,1.126161446,11.45415658,1.563487731,1.028872406,2.733650304,6.956580554,3.380162456,1.797987748,10.14448819,0.274815641,0.134085844,3.325793224,0.148620313,0.103855145,1.014836849,1.257096729,14.13468109,0.637158095,3.864211061,9.195285326,0.247566194,0.153976492,0.159721827,0.052475626,0.407840725,0.006735888,0.035846903,0.006035062,0.020334709,0.684275527,0.911032354,1.766647016,0.72637874,1.453180462,1.081663008,0.371874538,0.219934757,2.930185991,0.789311232,1.061279876,0.155584375,0.181303699,4.661285589,0.161620284,0.018783404,1.6492938,0.427656596,0.103579555,0.01266897,0.98732057,0.005616033,0.200235144,0.091857118,3.584743441,0.005588139,0.025230053,0.118465022,0.159556018,0.206103204,1.827779427,0.01013555,0.00469649,0.060860609,0.052080463,0.008967255,0.006824578,0.102521623,0.570792623,0.054081849,0.029569997,0.280756261,0.052312355,0.080729921,0.269386494,0.134989415,0.097375493,0.090237774,0.090623954,0.009741345,0.01772032,0.055883135,0.015514292,0.085701667,0.54607327,0.038717393,0.032837498,0.017912973,0.337006111,0.053187347,0.021764325,0.061434112,0.069865534,0.005143638,0.002301178,0.035266451,0.008505475,0.03590589,0.00577374,0.047324236,0,0.029848667,0.040449678,0.010940028,0.042616901,0.005577846,0.013593444,0.028686088,0.017401539,0.0325516,0.060041016,0.601901657,1.255430562,0.029911652,1.47600059,0.01480251,0.159133749,0.061421359,0.942257927,0.009397833,0.016196523,0.007069553,0,0.016293585,0.014170486,0.016399513,0.036447854,0.027024753,0,0.007677173,0.010516001,0.018113815,0.005171153,0.029445416,0.02225126,0.012353841,0.157562149
3,LB400,SPME,S2,3_LB400_SPME_S2,NA,28.5,0.022485011,0.002792025,0.004257203,3.12496896,0.001964482,0.153261,0.018036096,0.355099349,0.005899282,0.584591086,0.029458302,0.06436117,0.002011683,0.22518533,0.295353056,2.974830853,0.934461736,3.538623804,3.200320822,0.207918462,0.399408702,0.00574129,0.007934162,0.829857805,1.046274211,1.466666088,1.746545332,2.336319405,0.088435661,0.027441395,0.004322582,0.176282001,0.010983911,0.026675212,1.889261801,0.171445336,0.956277582,0.344594172,4.162732764,0.627122402,0.346007108,0.550578561,2.244465376,1.384114445,0.751304484,3.109095992,0.116086899,0.027199521,0.676691538,0.070697439,0.035289519,0.371401928,0.19363798,3.100353418,0.251847652,1.109495911,2.021433345,0.079347746,0.087949146,0.075857013,0.03944082,0.098628509,0.00486741,0.01613893,0.003109867,0.008863426,0.193864707,0.272672021,0.474921402,0.214783071,0.467358886,0.299236526,0.09804416,0.060564278,0.98933863,0.298051924,0.392966622,0.082745859,0.082414267,1.212243963,0.053326778,0.008647825,0.600901718,0.145242424,0.055693946,0.00728666,0.284799772,0.001779855,0.090380078,0.031952253,1.207638347,0.005104689,0.011484591,0.070011779,0.034702914,0.09672036,0.657965522,0.007426238,0.003465145,0.018488979,0.015977275,0.004515808,0.004332212,0.061405945,0.33586924,0.035730935,0.014619963,0.132735039,0.05035361,0.041904438,0.170235214,0.075843198,0.075254265,0.072112928,0.046473469,0.007697747,0.015499571,0.030839333,0.011981411,0.053129679,0.315325819,0.034203548,0.030136442,0.015918769,0.21019249,0.046494556,0.021791835,0.040055395,0.043322899,0,0.00270746,0.035540826,0.005099866,0.022793675,0.003340877,0.036456876,0.002741179,0.025370454,0.0333572,0.006232353,0.037914814,0,0.012389385,0.028771111,0.019305681,0.024615616,0.053313697,0.613763863,1.273417126,0.024596095,1.478857144,0.013973066,0.153871741,0.049819704,0.949552466,0.012968677,0.011336109,0.007969495,0,0.014188297,0.010694544,0.008884386,0.022236758,0.022795875,0,0.006144387,0.008549599,0.01627997,0.004599331,0.02097249,0.019691657,0.014440676,0.166254122
3,LB400,SPME,S3,3_LB400_SPME_S3,NA,41.65,0.026001215,0.002023567,0.001945194,4.092957965,0.002128021,0.233684704,0.023211311,0.522661235,0.007439552,0.743730923,0.039239865,0.075613803,0.001849839,0.27011966,0.389096138,3.888553222,1.224759259,4.55615356,3.735350685,0.25621557,0.455434169,0.008399705,0.009235481,1.03708016,1.354530991,1.930793339,2.11961531,2.881124335,0.121340237,0.034597531,0.006167668,0.197411467,0.014376437,0.033318614,2.235600774,0.291488774,1.157741189,0.442383218,5.368107045,0.778799943,0.409404633,0.662322064,2.824300336,1.670134569,0.872527432,4.004040118,0.141149791,0.033563505,0.785807975,0.093909022,0.039165002,0.462521489,0.213528649,3.534333508,0.306907,1.361835071,2.349054007,0.087503521,0.119000564,0.095747666,0.05002201,0.12034643,0.005694302,0.029578624,0.003788138,0.008026481,0.237553074,0.338242218,0.532678352,0.258235037,0.515431786,0.378551419,0.128190065,0.066070866,1.196584106,0.346519878,0.463509013,0.104160529,0.105841472,1.386826285,0.068913533,0.012694493,0.67091461,0.161719061,0.069592145,0.008558537,0.314348087,0.002970747,0.105853938,0.035671468,1.442323423,0.00574104,0.008374613,0.077217684,0.026160939,0.125503912,0.741864453,0.008209742,0.004508601,0.020239886,0.020449021,0.002869503,0.002553995,0.063915357,0.370317358,0.039650101,0.018510603,0.147378664,0.056753602,0.047374264,0.203625509,0.078732049,0.078714461,0.079858924,0.048283537,0.009106798,0.016807627,0.034634265,0.014480344,0.055827408,0.356743868,0.04186863,0.033218426,0.017992353,0.222160533,0.050276439,0.02418797,0.043845832,0.044479207,0.003034361,0.002637913,0.039315918,0.007589604,0.022750592,0.004644646,0.039435485,0,0.023631711,0.040703255,0.009152655,0.040771225,0.006964988,0.009533544,0.025508894,0.020028091,0.027611588,0.05072454,0.695657388,1.398725189,0.025284784,1.634270971,0.010836077,0.17256913,0.052490637,1.049038287,0.006482317,0.009626596,0.004582543,0.003519978,0.013340958,0.014232257,0.015272457,0.031880678,0.030580759,0.015750773,0.005514597,0.008164723,0.020665085,0,0.023206553,0.023634852,0.017101875,0.15539823
1,Ctrl,PUF,S1,1_Ctrl_PUF_S1,10.288,NA,12.75522096,0.134040805,0.542662511,208.1966235,0.047663358,7.694430665,0.600968625,24.77494202,0.264328248,17.73949725,1.04530314,0.873912361,0.018256841,2.852013396,3.062274971,26.44937998,9.701731025,43.58274801,17.10742654,1.903903939,2.878426363,0.031692252,0,5.556354499,6.953948156,10.90611862,12.59427954,14.72865615,0.589401877,0.125751174,0.01399366,0.845606314,0,0.097756296,6.049594521,0.520755809,3.295647519,1.563991484,16.03487809,2.730515867,1.381363121,2.291973898,9.157461584,5.797476456,2.73646879,14.48529203,0.576780966,0.04841808,1.759001422,0.224293713,0.04648526,1.094239244,0.558260281,9.529785745,0.833872274,3.438757977,5.468666443,0.257622106,0.25890374,0.223551682,0,0.174809458,0.00740305,0.015117887,0,0.009049398,0.197045485,0.226908139,1.147278757,0.434991956,0.993218183,0.800017499,0,0.082564622,3.251017449,0.805777623,0.97184273,0.191248518,0.208376789,4.379624752,0.123717692,0,1.588349218,0.283266354,0.125352025,0.009782658,0.482103751,0.002891709,0.136923724,0.048770964,2.602480495,0.004140757,0,0.045324162,0.040608739,0.166245621,1.306048814,0,0.008128455,0.025626896,0.028338062,0,0,0.100767282,0.698641809,0.028225833,0.035305381,0.366439074,0.040500889,0.096644994,0.591349641,0.325765044,0.044679594,0.048213297,0.119789559,0,0,0.100525312,0,0.151330058,1.040464624,0,0.012306842,0.011454295,0.549812745,0.035731474,0,0.053885927,0.108490775,0.006071337,0,0,0.011801947,0.039718547,0.006932146,0.035107335,0,0,0.040923858,0,0.056885221,0,0.021170396,0.035299974,0.021816073,0.051662786,0.067342537,0,0.02587115,0.034134754,0.036341675,0,0.004967077,0.112093416,0.023229308,0.02576617,0,0,0,0.067853651,0.029168762,0.031662829,0.12056345,0,0.067704671,0.046334183,0.039794117,0.02761836,0,0.030935942,0.049823254,0,0.680484146
1,Ctrl,PUF,S2,1_Ctrl_PUF_S2,9.926,NA,9.160897136,0.07938801,0.34071288,178.6687186,0.029675752,5.388254243,0.379943141,16.75438234,0.152788839,14.86448383,0.848097686,0.720633502,0.017484782,2.507395113,2.881552948,22.17630397,8.008892064,41.73011011,12.86017262,1.264512546,2.033583704,0.020404204,0,4.155055115,5.400142844,10.06531169,9.055667876,12.74530017,0.427734517,0.08220818,0,0.525197825,0.014727171,0.073066567,3.879260608,0.557180018,2.295287128,1.079032966,10.92835007,2.093241949,1.000574403,1.504752754,6.179514992,4.503060701,1.883158684,10.5299027,0.50169812,0.048409818,0.999253274,0.158202237,0.056784857,0.72862104,0.326581957,5.57771836,0.452752387,2.268128644,3.307013872,0.171041722,0.163701762,0.133052063,0,0.133992096,0.013867516,0.016762395,0,0.010197376,0.118196003,0.250103911,0.936364703,0.223337942,0.631069844,0.49624946,0,0.072327463,2.380182309,0.4022582,0.635027957,0.103901514,0.098346515,3.464067484,0.075824253,0.029006958,0.844138023,0.153556573,0.066389652,0.012629045,0.309239967,0.00165915,0.081180232,0.036083193,1.749079605,0.003563708,0,0.029952468,0,0.101128373,0.876155779,0.018071451,0.006296119,0.031644957,0.019815996,0,0,0.079680435,0.389529363,0.039111768,0.01951976,0.257723346,0.019642343,0.057704905,0.352392935,0.2057095,0.050232574,0.029292674,0.094054413,0.014797963,0.008534009,0.04992106,0.004157668,0.077951443,0.619401211,0.005796455,0.006994499,0.007050788,0.423504832,0.016911673,0.004251146,0.029997162,0.055460582,0,0.004225691,0,0,0.019177684,0.005339631,0.02519929,0,2.086398667,0.142914006,0.160903386,0.048250947,0.029770901,0.025007121,0.03330829,0.026507539,0.018693404,0.056370783,0.025117195,0.075874078,0.029387216,0.119027363,0.012286996,0.016361286,0.092696902,0.076565139,0.016218429,0,0.01662855,0,0,0,0,0,0,0.021634591,0,0.034456132,0.019856855,0,0.119805236,0,0,0.622592937
1,Ctrl,PUF,S3,1_Ctrl_PUF_S3,10.345,NA,14.20290881,0.128704802,0.597828669,211.0353275,0.059991913,8.849690155,0.628303404,27.96262782,0.253124866,16.66740692,0.840207722,0.898099913,0.023457868,2.708956148,4.049876904,31.30547425,12.61527153,47.74271406,18.97181902,2.942997976,3.44663757,0.035749697,0,5.505268384,7.045819283,11.5160928,14.86950481,17.08905245,0.605738253,0.104617077,0.014421353,0.772834068,0.017879319,0.091873512,5.497391772,0.591797931,3.192152853,1.601862165,14.72892942,2.49521338,1.535335853,2.576159199,8.994034521,6.471082449,2.830099641,14.42088681,0.644276795,0,1.442524757,0.147504051,0.068819765,1.032533625,0.416444496,7.872597092,0.595462615,3.102069142,4.277752644,0.180381168,0.193318261,0.177253584,0.085047389,0.131566522,0.012709029,0.010686658,0,0.010394985,0.257376044,0,0.914343912,0.246731308,0.734792826,0.541514341,0,0.081748264,2.348206547,0.472266636,0.676003149,0.120747861,0.130700522,3.595857761,0.123155466,-0.001219018,1.069509386,0.240997801,0.093378715,0.015479799,0.327188834,0.002928485,0.080887971,0.042892378,1.689616059,0.001258026,0.012230956,0.027663299,0,0.113047943,0.792938381,0.008638781,0.004939099,0.013540598,0.024214325,0,0.008950742,0.06431483,0.38846433,0.029723373,0.025224203,0.18899722,0.019988245,0.061521436,0.254853707,0.156354399,0.035205318,0.02823965,0.072113431,0.008971055,0.007351988,0.043689285,0.007175786,0.071951375,0.512716036,0.007993426,0.008068715,0.005745514,0.333813337,0.012693523,0.007068882,0.018864351,0.038864109,0.003213121,0.001756639,0,0.005258045,0.023119525,0.003005856,0.01406755,0,0.446109776,0.032150815,0.020317801,0.029150658,0.013813696,0.017946442,0.024214241,0.012798014,0.060716167,0.042605471,0.036870211,0.060687692,0.020303874,0.079807034,0.006983042,0.013890885,0.05310758,0.039336014,0.02494116,0.003577201,0.007936093,0,0.031510847,0,0.008950283,0,0,0.01720881,0,0.013909798,0.014963443,0,0.052508,0,0,0.524897373
2,Ctrl,PUF,S1,2_Ctrl_PUF_S1,10.177,NA,12.26655845,0.094643381,0.380265974,329.1920674,0.041873412,6.697659666,0.432567209,20.01701615,0.175968546,29.00365261,1.143945833,1.610759854,0.018694904,6.013618243,6.20649425,43.18217562,15.10470444,83.76844063,30.5209675,2.408795265,4.466759264,0.033440469,0,8.375478956,10.95937437,21.62310663,18.52793839,27.95803132,0.750233856,0.201217575,0.030719173,1.343354281,0.034574045,0.17024984,7.835111392,1.337468678,4.473256992,1.884687408,20.16404798,3.025433754,2.010706338,2.57184915,11.37907652,7.703703372,4.137514852,17.80639043,0.881620889,0.174393919,2.108765609,0.269357858,0.101258714,1.543337072,0.60834689,10.75116426,0.919868007,4.708606988,6.731133162,0.3039871,0.314027148,0.279653051,0.186697087,0.181521826,0,0.058487661,0.016342126,0,0.279163714,0.451105875,1.073049197,0.324897772,0.857890279,0.597651542,0.417006294,0.113895662,2.482203854,0.508019842,0.805657427,0.15109569,0.144419245,3.446169155,0.13916496,0.039340485,1.188790899,0.282852312,0.09797716,0.013517329,0.310684687,0,0.101687124,0.044131588,2.097506471,0.004883225,0.015633672,0.03146192,0.10755442,0.165302785,0.954911322,0.008532367,0.003578942,0.017806365,0.026698132,0,0,0.047266433,0.375959746,0.037046906,0.027990844,0.201489421,0.026799563,0.064004024,0.289526316,0.169349749,0.039497895,0.02883073,0.073015486,0,0.015315022,0.055930559,0.002335937,0.070035398,0.55087604,0.006895298,0.007088437,0.009820923,0.316651413,0.017048708,0.005280408,0.03400773,0.048064818,0,0,0.004528047,0.006356228,0.021556549,0,0.017435691,0,0.017937057,0.0446699,0,0.04626859,0,0.01182773,0.022490388,0.014777861,0.040195462,0.041073145,0,0.022055883,0.030374719,0.035210105,0.011327348,0.00604927,0.05565558,0.023049838,0,0,0,0,0.018697493,0,0.007722627,0,0.022115178,0,0.006627784,0.011164935,0.010988558,0,0,0.017852585,0.014430459,0.231382564
2,Ctrl,PUF,S2,2_Ctrl_PUF_S2,10.343,NA,9.901713382,0.091226432,0.336040451,300.2507924,0.042852382,6.156714522,0.372491527,18.22522023,0.141759203,26.50780999,1.159737508,1.785005581,0.017212093,6.499054309,6.412458887,44.871695,15.67332169,81.6324439,32.87136632,2.522952359,4.72367332,0.038068731,0,9.127392055,11.88793353,22.2664143,19.69793022,29.6689312,0.797034994,0.213552294,0.036985413,1.497644764,0.036744814,0.176544408,8.489188384,1.588461669,4.83151949,1.951845399,21.5065604,2.905498173,2.090007479,2.778954498,12.14242028,8.129359933,4.613595569,19.00229713,0.928096462,0.140401136,2.292145274,0.27937926,0.096777798,1.687412059,0.620485967,11.50688383,0.954735074,5.042032289,7.123734209,0.297265836,0.323354674,0.27974518,0.191690932,0.219386142,0,0.047190753,0.012116178,0,0.282309688,0.309095311,1.053615726,0.333650294,0.871535912,0.681834719,0.450861612,0.114878509,2.489725484,0.52115416,0.822884645,0.162229274,0.154104684,3.460009482,0.142686625,0.033103332,1.298784212,0.295052718,0.091972178,0.011878397,0.310621035,0,0.105081816,0.040737999,2.105564038,0.008465581,0.027586186,0.032807535,0.108677401,0.16210422,0.960272089,0.007704036,0.004781222,0.023476571,0.023483096,0.000127315,0,0.053367908,0.364003984,0.029236895,0.023116162,0.192332025,0.023232672,0.063574269,0.2859289,0.158140977,0.034993547,0.031862791,0.072470398,0,0.012793074,0.052257987,0.004822402,0.065051781,0.528767183,0.006461315,0.007136608,0.009007872,0.309045027,0.016273674,0.0050056,0.033423497,0.042626965,0,0,0.002780301,0.004745693,0.02376444,0,0.014360641,0,0.022615753,0.023408288,0,0.042617648,0,0.015769505,0.021253891,0.015154444,0.039756712,0.042913536,0,0.020393474,0.030163015,0.032281778,0.016367152,0.007897876,0.055133158,0.015975836,0,0,0,0,0.01627341,0,0.009198885,0.024543202,0.026864857,0,0.006050884,0.009039469,0.012780874,0,0.013003121,0.021514735,0.012120856,0.255371046
2,Ctrl,PUF,S3,2_Ctrl_PUF_S3,10.328,NA,11.92298814,0.092270986,0.355373406,310.9855196,0.040844503,6.618194367,0.494525342,18.52709468,0.1815094,28.27392367,1.308565927,1.958145414,0.020033206,7.411292884,6.191585213,43.08959296,14.58366476,75.99918518,33.28686297,2.627243342,5.385383721,0.032029359,0,9.0975875,11.65269696,20.78321212,20.32845103,27.89484264,0.720948789,0.262720679,0.036846519,1.949666956,0.042383164,0.193655446,9.2094638,1.507825225,5.070242493,1.940925886,21.15248091,2.957672109,2.144089393,2.832078575,11.7255128,7.489461616,4.112229242,18.54356785,0.809461211,0.112550835,2.677079666,0.286010171,0.103008278,1.637865688,0.748328964,13.0935682,1.041212158,5.366713321,8.235969341,0.353479217,0.333311408,0.290868506,0.17870977,0.254521848,0,0.055422499,0.010810495,0,0.260941569,0.354564673,1.000970151,0.316041188,0.779233624,0.643245738,0.440356864,0.102847995,2.247177475,0.425742621,0.760016862,0.129464275,0.129784157,3.180907714,0.119948197,0.028617985,1.106224462,0.267407227,0.088555995,0.012999144,0.300104454,0,0.103091154,0.042338599,2.06550529,0.003848294,0.015218828,0.030305377,0.081913609,0.1457734,0.903928605,0.009482635,0.0038259,0.020121362,0.019487445,0,0,0.048227017,0.336176385,0.030891058,0.028439608,0.178884018,0.023938196,0.059001018,0.262881629,0.145292442,0.026833865,0.026575033,0.063702664,0,0.009139914,0.048637014,0.003900435,0.062598764,0.486919397,0.005039037,0.005570377,0.007276318,0.279008349,0.01368611,0.003027806,0.026162316,0.035211188,0,0,0.001911894,0.016581059,0.025824837,0,0.014868696,0,0.023585015,0.036425007,0.017176673,0.040348612,0,0.011625844,0.028011276,0.012427391,0.031241602,0.03545295,0,0.011600527,0.028104966,0.023180071,0.007199276,0.002794434,0.048178939,0.01270394,0,0,0,0,0.014015345,0,0.005209883,0,0.019441628,0,0.004834326,0.006779586,0.010306358,0,0.013270164,0.023932087,0.006459162,0.239839725
3,Ctrl,PUF,S1,3_Ctrl_PUF_S1,10.123,NA,14.66401156,0.113105338,0.490566905,638.2846035,0.03897237,9.848839328,0.600442209,29.1441177,0.220007203,50.95650196,2.247368138,3.17061647,0.016560501,12.89644892,10.00319492,104.1182957,31.37076397,246.3388657,68.08102416,3.487919231,7.000984811,0.040488565,0,18.36670864,25.62577953,59.86079486,30.68288827,76.44249725,1.398145099,0.407434515,0.055897237,2.668336532,0.080994172,0.304919631,22.15897855,1.47041378,11.85501666,4.656781082,51.62034073,9.206048043,5.473551325,5.471273918,29.37347124,21.95848332,10.74389769,43.72967182,2.583197357,0.226265593,5.258720974,0.580678833,0.247252657,3.996045625,1.106786135,22.30446529,1.788369104,11.59792319,16.50105968,0.66528269,0.707792455,0.625301316,0.448790703,0.454605608,0,0.08575744,0.014337054,0,0.630509889,0.672212398,2.392951352,0.76411201,1.799141401,1.184933671,0.968756527,0.26055168,4.517682137,1.190345736,1.74182657,0.43434836,0.396321141,7.147594613,0.353406102,0,2.733613825,0.790020434,0.243654939,0.02554116,0.604747677,0.006219914,0.240710029,0.078540214,4.531809915,0.012484812,0.046558955,0.061613586,0,0.319226227,1.8073264,0.022865434,0.005288414,0.045304066,0.046289183,0,0,0.063993394,0.450113674,0.046003574,0.039021928,0.245428757,0.03483684,0.105697663,0.375243654,0.199495054,0.044011345,0.046332227,0.080382864,0.017798723,0.008942588,0.069452644,0.007098041,0.093539877,0.659409203,0.010754635,0.011072883,0.015238134,0.341958618,0.028732305,0.004439985,0.035000034,0.057768479,0,0.004861503,0.004404135,0,0.031390611,0.00363773,0.019333161,0,0.014998152,0,0,0.033035732,0.008999356,0.01186146,0.037048386,0.018449431,0.039762372,0.042500917,0,0.021597008,0.026300155,0.03281414,0.014872273,0.007151719,0.064069666,0.015675835,0,0,0,0,0.014894459,0,0,0,0.016292297,0,0.005057483,0.007984705,0.014170771,0,0,0.016715951,0.012357919,0.255252538
3,Ctrl,PUF,S2,3_Ctrl_PUF_S2,10.462,NA,8.183603457,0.055924657,0.276976069,484.4497632,0.028420204,5.700928267,0.3219451,16.71307771,0.10932813,34.98491782,1.813709457,2.595837098,0.013488678,11.14752889,7.79676866,88.64661862,25.4882651,212.3956391,54.4773022,2.250014951,4.762804689,0.021842304,0,14.6815544,20.78635209,50.65629708,22.27474518,64.99934911,1.104933238,0.285348059,0.048037577,1.874179924,0.06693038,0.242748317,16.81130572,1.529122618,9.241725429,3.934404536,42.01046279,7.931269148,4.52019205,4.20833396,24.35167974,18.45396157,8.964607989,36.18775109,2.246596793,0.193083917,3.722881551,0.461024637,0.194429692,3.224305627,0.721599984,15.59509848,1.356720073,8.969629475,12.24623867,0.509045948,0.57214348,0.482626943,0.328551563,0.327630176,0,0.07207616,0.021648354,0,0.451721694,0.532665569,1.75781187,0.529906141,1.40662356,0.8715451,1.065745611,0.196478173,3.467250447,0.659690424,1.310191435,0.338338645,0.312163933,5.33059399,0.285290816,0,2.111027222,0.585046431,0.199502088,0.024112599,0.416468272,0,0.170775969,0.056132592,3.333877817,0.007458654,0.033974413,0.039228606,-0.000128138,0.284887003,1.366298184,0.012023908,0.004702355,0.036045386,0.031967844,0,0,0.044549295,0.325035634,0.032904844,0.027300872,0.18440307,0.021876224,0.076320952,0.279174607,0.158555169,0.034465612,0.032150681,0.056506162,0.008619746,0.005812463,0.050426915,0.005895747,0.061304587,0.490707987,0.008626619,0.010318018,0.012058707,0.252852823,0.021290778,0.003331848,0.029594417,0.040214846,0,0.005877596,0,0,0.021495729,0,0.016989395,0,0.010601748,0,0.012618264,0.0333534,0.007156401,0.010279939,0.028138589,0.013329137,0.026207826,0.029363559,0,0.022261574,0.02071299,0.032221824,0.012730482,0.006526879,0.044707753,0.013671211,0,0,0,0,0.014175298,0,0,0,0.01929748,0,0.006471672,0.008278174,0.009974907,0,0,0.021935132,0.015434217,0.244578041
3,Ctrl,PUF,S3,3_Ctrl_PUF_S3,10.274,NA,8.668684034,0.061804837,0.275355461,474.8035566,0.021586919,6.242031639,0.388498049,18.75612178,0.13662726,39.08572767,1.633149444,2.456057845,0.018873615,10.02181771,6.898342718,80.68109797,24.23227894,185.3668508,50.61904608,2.29813574,4.945370523,0.035531498,0,13.72708625,19.28413859,45.96186973,22.63408993,58.55657429,1.070910642,0.280622921,0.041533806,1.919343826,0.056058121,0.221317825,15.70090588,1.627803063,8.609635295,3.686698865,38.24704592,6.763426723,4.196465419,3.858640487,21.51630042,16.86401235,8.627842058,32.76958807,2.055946426,0.145966859,3.496692424,0.412688131,0.16735916,2.987602632,0.687644575,14.94973672,1.251676693,8.391747327,11.12878873,0.442374968,0.49651088,0.46496402,0.302465865,0.314263191,0,0.062813207,0.015292393,0,0.453108507,0.555542795,1.744182237,0.580910555,1.258222545,0.879491159,1.155136814,0.193167455,3.183226098,0.432177569,1.216231502,0.297708025,0.292054071,5.238767996,0.268226273,0,1.896961994,0.565117125,0.176446554,0.020396369,0.367806724,0,0.151240882,0.05785196,3.186670435,0.007686247,0.032211357,0.038351151,0,0.225509159,1.208845911,0.012031072,0.004724696,0.031202028,0.038020933,0,0,0.045180246,0.291052232,0.036079353,0.028712925,0.167649632,0.021009077,0.086706617,0.267831117,0.143585557,0.037165291,0.034763044,0.051201426,0.015936165,0.006635076,0.048889691,0.006786907,0.059630757,0.454716254,0.009108815,0.010618208,0.012650001,0.224092298,0.020909582,0.003814846,0.025307436,0.038213454,0.003848095,0.004425796,0.007378511,0,0.01821366,0.003141215,0.010668765,0,0.017278925,0,0,0.030005162,0.007801752,0.010426543,0.026546601,0.018054106,0.024154172,0.022085847,0,0.024637371,0.019803344,0.039282013,0.013224823,0.008589572,0.039144935,0.02135016,0,0,0.004691241,0,0.020780621,0,0,0,0.012908472,0,0.003415309,0.007131429,0.011317768,0,0,0.02038648,0.017474449,0.264123741
1,LB400,PUF,S1,1_LB400_PUF_S1,10.155,NA,0.620111799,0.024452102,0.097472808,31.39846116,0.020864177,1.174323088,0.100946874,2.901936997,0.056427988,7.522464765,0.861427184,0.408421673,0.01494349,2.337253095,0.737080721,7.102838654,2.533421744,21.01847648,8.871631213,0.374070454,1.167047221,0.011039676,0.01824911,1.927305593,2.313191952,4.90383261,3.520960148,9.082803809,0.200097051,0.0661086,0,0.618311362,0.009964347,0.053176995,2.781069147,0.241949986,1.433128308,0.448167919,7.11793463,1.07708692,0.743630851,0.658154031,3.654805825,2.726294055,1.665007985,6.198748916,0.36206352,0.016063028,0.87173496,0.091488894,0.030067664,0.595698572,0.353348192,4.380136475,0.381180162,1.914898029,2.645559024,0.091959121,0.145051227,0.084598624,0.07561728,0.154651276,0.002339059,0.029502718,0.012880763,0.050036658,0.38817272,0.756257119,1.278230598,0.324481664,0.973233632,0.838851104,0.353389594,0.07747217,3.07353455,0.515755594,0.779448657,0.141721557,0.148527421,4.137287329,0.090921276,0.015136786,1.368341178,0.244110043,0.076325739,0.034049634,0.724138102,0.002597397,0.145535749,0.108365111,2.606485899,0.011157962,0,0.049071509,0.164140556,0.187634189,1.432219195,0.012966633,0.007666219,0.018014597,0.048919179,0.013974126,0.018523851,0.249776026,1.574783195,0.12566964,0.053137837,0.676069157,0.049600703,0.160097024,0.812151777,0.444507401,0.093949803,0.063431325,0.310478729,0.005154167,0.019711813,0.130407209,0.010240319,0.21756268,1.809628271,0.027255413,0.014471036,0.010046483,1.154388379,0.030924482,0.00577467,0.076401625,0.185137276,0,0,0.010071448,0.005286611,0.144680883,0.014413502,0.073655423,0,0.459203546,0.099554874,0.061640143,0.238718768,0.02321058,0.054027098,0.104214876,0.087498154,0.212134438,0.407942405,0.039436708,0.059702178,0.134277291,0.066979874,0.044958539,0.015413391,0.476014957,0.045714247,0.02680493,0.014974378,0.023047607,0.017022843,0.22917049,0.21391883,0.208298125,0,0.174416326,0.179546192,0.174510219,0.17342138,0.382443432,0,0.164707626,0.075024875,0.030559681,0.63592674
1,LB400,PUF,S2,1_LB400_PUF_S2,9.995,NA,1.874486103,0.038837885,0.135510889,43.14732896,0.024817278,1.819318529,0.153197905,4.312421886,0.092856998,10.13488545,1.391273944,0.408303091,0.016473961,2.371585503,0.842779925,7.195181874,2.357768217,21.03691212,8.302196904,0.512912612,1.030604516,0.010290572,0,1.511590384,1.678810772,4.744139002,3.061173313,9.051816387,0.173500652,0.053878347,0.0121004,0.538038275,0.014447411,0.047912582,1.992133444,0.207508846,1.058621662,0.318075527,5.483927247,0.796299056,0.564673523,0.520471129,2.527985714,1.974669684,1.34880349,4.831428673,0.294035682,0.048343492,0.642054292,0.055404473,0.01864077,0.463478479,0.28541919,3.579544667,0.244963823,1.579267761,2.221059487,0.072367415,0.109793354,0.064261846,0.057779453,0.077016775,0,0,0,0,0.222760778,0.209966261,0.962239683,0.275912203,0.726240312,0.799556339,0.211764041,0.067959441,2.747074634,0.475345295,0.734078077,0.073129127,0.063903036,3.649717866,0.072226198,0.015527806,1.068289127,0.177200677,0.059834938,0.010381195,0.329015249,0,0.078403285,0.056285957,2.111266896,0.002596268,0.030016321,0.027669356,0.130147464,0.101878046,1.040509248,0.007311977,0,0.02360734,0.022565019,0,0,0.091781148,0.622134378,0.048180897,0.03091547,0.335233574,0.024633264,0.093321919,0.510389704,0.312880662,0.05353073,0.037268805,0.127190951,0.009962778,0.020848556,0.093126573,0.006297537,0.11258937,0.971978709,0.006043806,0.008189987,0.00742162,0.547548549,0.015731118,0.004971177,0.053881052,0.07086419,0,0.006045624,0,0,0.037470879,0.006169878,0.021730413,0,0.024101433,0,0.013791049,0.122415462,0.008147728,0.021657428,0.029500824,0.016089881,0.07436038,0.060372169,0,0.015399446,0.063110636,0.026207904,0.029514538,0.008503898,0.091788945,0.014238097,0,0,0,0,0.02641667,0,0.011418361,0,0.029797402,0,0.011700857,0.01839343,0.023084613,0,0,0.023907264,0.008603284,0.229205554
1,LB400,PUF,S3,1_LB400_PUF_S3,10.15,NA,1.65267977,0.032632701,0.115673054,33.83603855,0.023687458,1.443679574,0.132765121,3.154046233,0.077847421,8.643373625,1.286757998,0.351149097,0.015279159,1.930964282,0.656297785,5.952383566,1.97846153,17.06405454,6.943253723,0.459939887,0.854456341,0.00635874,0,1.192052098,1.322852735,3.899775546,2.48521134,7.318120959,0.137482885,0.041204399,0.00875885,0.41902483,0.010055567,0.03448715,1.563583772,0.147150881,0.84410109,0.278077872,4.4279983,0.678292473,0.449438656,0.437155485,2.173966132,1.627937351,1.038729035,4.468395603,0.239963763,0,0.508536597,0.050068785,0.017651091,0.368833046,0.210947908,3.01370554,0.195235468,1.28388087,1.669615198,0.057161495,0.090064996,0.053866775,0.032118993,0.070775401,0,0,0,0.015811213,0.202335502,0.269774671,0.877390526,0.247228753,0.658431123,0.820160898,0.19273246,0.048040651,2.82599577,0.382452128,0.666298255,0.070041604,0.051253173,3.495526645,0.060913146,0.013252636,1.025086091,0.134104118,0.042960532,0.007543144,0.319032743,0,0.074780452,0.048660838,2.172781493,0.002821654,0.008622694,0.030702242,0.05062497,0.099642122,1.024329694,0.006162778,0,0.016597606,0.02361256,0,0,0.071368495,0.631977021,0.052124076,0.031150898,0.347211514,0.023412859,0.10681317,0.479413415,0.297877362,0.055227876,0.035865603,0.139079003,0,0.009876333,0.086715783,0.004431882,0.103793407,0.953445642,0.004673867,0.006239047,0.004765939,0.587413974,0.015214217,0.003743956,0.052473904,0.069751533,0,0,0,0,0.037481094,0,0.016604317,0,0.028939747,0.022930081,0.017038612,0.066150133,0.00783463,0.018094172,0.045162163,0.029105649,0.064506086,0.06063231,0,0.01481071,0.046155353,0.023323962,0.012915593,0.00427181,0.096374183,0.012644182,0,0,0,0,0.020793484,0,0.012418411,0,0.030691196,0,0.010769127,0.020202187,0.019787902,0,0,0.021066858,0.012944933,0.240829572
2,LB400,PUF,S1,2_LB400_PUF_S1,10.256,NA,29.95438739,0.223528942,0.848428972,111.0171964,0.07400149,5.798596124,0.621666519,14.98741155,0.228326002,16.8560798,0.336040759,0.585649107,0.008038166,2.4978007,1.497310243,14.31235582,4.498869593,35.81587231,10.5732001,0.621557611,1.410523142,0.018380868,0,2.669478071,3.239948385,8.296254232,5.416365214,11.49184044,0.268975208,0.067487062,0.05136856,0.589141552,0.015223227,0.051688824,3.175265728,0.190977656,1.646083906,0.597562645,6.93248218,1.065295242,0.791175879,0.812800199,3.702511939,2.919887144,1.84524707,5.015192105,0.409806569,0.043946498,0.811865775,0.093914766,0.028854329,0.6158696,0.278922189,3.601644857,0.325698231,1.867433189,2.627222986,0.098700842,0.111362158,0.09387198,0.076021107,0.099652811,0,0.018627671,0.0080868,0.012166334,0.116214517,0.407400599,0.415017617,0.164091288,0.349951167,0.228984155,0.28944676,0.045214875,0.791749614,0.137331669,0.276882782,0.079623689,0.073407878,1.201097071,0.059186301,0.009538128,0.351964339,0.138038542,0.046752768,0.006750871,0.129135832,0.001640037,0.04493883,0.017653908,0.862595058,0.001984843,0.007266686,0.014102119,0.025599885,0.06378,0.41441888,0.003883525,0.000625678,0.011242875,0.013380148,0,0,0.01636705,0.127874259,0.01412751,0.012308175,0.069221508,0.010213615,0.02719046,0.091969864,0.050166852,0.013482497,0.015129849,0.023066197,0.004729796,0.005710534,0.019110895,0.003294403,0.023190459,0.1651661,0.003150615,0.004534411,0.004109512,0.093080223,0.009371553,0.001977691,0.013831603,0.016166302,0,0.002927363,0,0,0.008959819,0.001215258,0.00602009,0,0,0,0,0.012333831,0,0.005398305,0,0.007222568,0.013214775,0.01561618,0,0.009330436,0.013551454,0.018369914,0,0.002685806,0.021326593,0.007924401,0,0,0,0,0.012930269,0,0,0,0,0,0.002666334,0.00271586,0,0.00344732,0,0.014137247,0.006750286,0.161394503
2,LB400,PUF,S2,2_LB400_PUF_S2,10.211,NA,28.0776586,0.205324851,0.703614543,107.8612754,0.075799531,5.714854628,0.815971035,14.07230572,0.278972101,17.91728073,0.399521239,0.68079288,0.024429958,2.983570829,1.82507991,17.31416322,5.664120582,44.60631077,13.84278014,0.892385491,1.673566931,0.023180035,0,3.376767044,3.770090627,9.630205604,6.259152437,14.93188769,0.325416991,0.063634797,0.066614231,0.542150475,0.014392121,0.066539685,3.536858663,0.272595981,1.823202641,0.732606418,8.3433753,1.513622948,1.038008651,1.072152908,4.64604934,3.99429043,2.589131189,6.145054927,0.614244878,0.057590828,0.8105058,0.100406606,0.029194078,0.789763558,0.309032767,3.879079235,0.372860409,2.189163809,2.768449,0.101603984,0.125506712,0.112296999,0.104828818,0.085123916,0,0.022146216,0.016073306,0.017729623,0.147169787,0.420904493,0.523492031,0.189434972,0.4127058,0.281646593,0.255370829,0.079169047,0.984199105,0.319001988,0.382327243,0.104115543,0.105982075,1.700642483,0.094178969,0.017447832,0.469249398,0.200511501,0.073323643,0.014738985,0.137996813,0.002909162,0.052099442,0.023073324,1.031538403,0.006078869,0.008741845,0.020386787,0.029185113,0.069479949,0.448970364,0.006468216,0.004569472,0.012360541,0.011130539,0,0,0.022394354,0.146375215,0.017946091,0.01357173,0.081000221,0.01475899,0.032457779,0.120376765,0.070375436,0.015111486,0.014582013,0.028726024,0.00445434,0.006487305,0.024938448,0.006430483,0.034842155,0.219466571,0.007591337,0.008678017,0.006576208,0.116585843,0.01050841,0.004495722,0.019928108,0.018790819,0,0.001909253,0,0,0.008603051,0.002225385,0.009709887,0.00681696,0,0,0,0.020979791,0,0.009389149,0,0,0.016906188,0.025404779,0,0.019093054,0,0.031256871,0,0.003661918,0.037605952,0.015221661,0,0,0,0,0.008874411,0,0,0,0,0,0.002661791,0.005535431,0,0.00602253,0,0.018327167,0.012790016,0.218765474
2,LB400,PUF,S3,2_LB400_PUF_S3,10.341,NA,31.96576702,0.256140219,0.858557336,124.8629641,0.083235559,5.478988493,0.760614523,14.90458973,0.274076404,24.13064268,0.406248139,0.655017822,0.025830331,3.651731184,1.594302881,16.49255938,5.620465091,50.5270472,14.10036576,0.754008575,1.634072005,0.035197709,0,3.026945903,3.473052972,9.720197156,5.844063238,16.25576526,0.354965422,0.074185756,0.060247194,0.743374824,0.021805109,0.07634494,3.665182624,0.322484204,1.900017992,0.751872869,8.455879738,1.761913014,1.055496602,1.054405628,4.488880012,4.011750883,2.607188502,6.163295945,0.645263636,0.054213472,0.914019149,0.113185548,0.039667672,0.826669078,0.356185657,4.111014872,0.410856126,2.392729886,3.06354461,0.112213609,0.132704685,0.099861982,0.090598526,0.097273237,0,0.023385379,0.021517509,0.016374081,0.155322704,0.475147495,0.540368101,0.198419333,0.447020809,0.307079365,0.291949057,0.06817504,1.020149471,0.297349007,0.376299054,0.118781485,0.103740887,1.638042792,0.103129854,0.022492477,0.502549894,0.193360989,0.066558836,0.015621193,0.168763942,0,0.055730848,0.03193195,1.046050874,0.007195157,0.009099402,0.018316046,0.030691863,0.085706483,0.493036023,0.005392385,0.006804347,0.016981666,0.018102809,0.002444244,0,0.019406708,0.158857124,0.017113921,0.012389483,0.086519552,0.011353066,0.034907681,0.12625201,0.073836973,0.018200359,0.020754242,0.028364045,0.009200558,0.009449788,0.024420042,0.008133718,0.026898873,0.230971089,0.007902775,0.007021572,0.009074226,0.115685214,0.014475472,0.008067242,0.021987125,0.024084448,0,0.003549252,0.003786923,0,0.009595708,0.001801567,0.011128835,0.005456237,0,0,0,0.016998698,0,0.00744631,0,0.014649219,0.01741401,0.01931249,0,0.019776159,0.016744144,0.03277594,0,0.0034113,0.031873579,0.016682244,0,0,0,0,0.010353975,0,0,0,0,0,0.004107368,0.003877538,0,0,0,0.01758388,0.008968019,0.273557676
3,LB400,PUF,S1,3_LB400_PUF_S1,10.198,NA,39.87421292,0.234859896,0.905763118,361.8591412,0.148503862,17.29698921,3.49024588,34.30450652,0.64058437,56.59351921,1.854283955,2.514724248,0.028903047,9.372387014,7.658371405,70.16155686,22.24596366,146.8238145,52.78064688,3.97253929,6.421477058,0.091606353,0.097653087,13.23005707,15.62284163,34.08752462,25.78715457,46.94799257,1.240402563,0.227868297,0.041022499,2.040596709,0.059326226,0.228227783,13.09752659,0.804235511,6.795463805,2.464211552,28.56613071,4.54889345,3.491706306,4.574376459,17.06840463,13.55614242,8.736209035,25.02511789,1.771586471,0.116943847,3.321158481,0.322855409,0.163696295,2.485448545,1.228469668,16.9514216,1.207720752,7.482567111,11.59226067,0.402794797,0.355510683,0.355289413,0.234033767,0.340888728,0.01843452,0.050914643,0.004539928,0.018169993,0.513684098,0.115680312,2.092745566,0.724617831,1.525342154,1.039049463,0,0.24643978,3.573657045,1.619675776,1.272054738,0.315988147,0.315655256,6.161053347,0.329660887,0.097239331,2.484138368,0.641489101,0.244685396,0.023766487,0.58245423,0.009908963,0.170907551,0.122366569,3.210524748,0.018236078,0.030697106,0.061155401,0.19242051,0.23345538,1.456736375,0.013553545,0.008991547,0.044188613,0.041470891,0.012650129,0.008788252,0.086652552,0.513438909,0.050959157,0.03803565,0.274155693,0.038976284,0.074217187,0.379983335,0.23229415,0.055209038,0.061145383,0.091763265,0.01839948,0.030296808,0.077921401,0.012220499,0.095583329,0.695157257,0.022168,0.014308674,0.018946389,0.365211401,0.032235282,0.009702498,0.044804841,0.068079805,0.007347398,0.009820894,0.012179381,0.01735084,0.031942949,0.019834473,0.022230934,0,0.935035514,0.985898463,0.099251675,0.05120582,0,0.021760475,0.040719472,0.027972945,0.04912076,0.061241257,0.043701121,0.07563432,0.044041725,0.086968246,0.021861493,0.021864332,0.074678013,0.062254736,0.643228217,0.024324397,0,0,0.027610843,0.019935606,0.025513365,0.049338214,0.054532116,0.047260771,0.015044828,0.017850618,0.031819046,0.03972469,0,0.017647532,0.023037736,0.109703294
3,LB400,PUF,S2,3_LB400_PUF_S2,10.091,NA,82.77044361,0.554133877,1.955744671,430.1327024,0.161438902,19.51903036,2.440566894,50.25415511,0.936970379,69.83223393,1.758479242,2.301766245,0.048235502,9.414993882,5.549536311,57.5762813,19.21573292,128.8571594,41.92255935,2.273747379,5.676585308,0.06496675,0.084035422,10.38464283,12.38600369,28.24526285,22.04526809,43.24794253,1.17622631,0.201062246,0.046777213,1.801616559,0.048950855,0.200545976,9.939404437,0.581110751,5.456739711,1.920580072,23.61746793,3.974014347,2.778399321,3.203978908,13.0053575,11.7601071,7.465315494,18.71912015,1.546772447,0.086741451,2.367845001,0.29429466,0.141170657,2.087908865,0.806335507,12.02831146,1.070390698,6.010689043,8.055237997,0.330682748,0.354206374,0.300724348,0.215797643,0.252263642,0.016663065,0.031556719,0.010028991,0.02149503,0.377368981,0.083683909,1.438056025,0.509684419,1.132755853,0.69613285,0,0.165095413,2.788448417,1.229987875,1.038539185,0.2705692,0.292558097,4.593099828,0.261429892,0.074535047,1.846130202,0.45989993,0.226623996,0.038106716,0.422180692,0.008765405,0.151651666,0.097976896,2.552479962,0.011996395,0.019435686,0.048456059,0.097177906,0.224294524,1.097544029,0.020993646,0.010854334,0.043919241,0.036510192,0.012560453,0.007329801,0.056712382,0.407484597,0.040083474,0.036006896,0.226380592,0.022240723,0.065151936,0.324990297,0.182837274,0.033078663,0.044727608,0.069308423,0.011791349,0.024804555,0.066890507,0.00942303,0.080294739,0.567923288,0.014429854,0.015580311,0.014770999,0.300769997,0.027873696,0.011788043,0.039723101,0.047588592,0.006831854,0.005424136,0.010007744,0.010724629,0.029956249,0.008360033,0.020634035,0,0.047900077,0.712840655,0,0.036698388,0,0.023230023,0.039342538,0.039193148,0.039531301,0.049728294,0.043158151,0.061578459,0.02800842,0.085528466,0.0199457,0.024049715,0.074265773,0.053978448,0.497266538,0.018950827,0.006557911,0,0.036769934,0.035775848,0.015261843,0.034084814,0.02974362,0.024618702,0.009063046,0.015912919,0.019495266,0.023842659,0,0.016383177,0.015508831,0.091114908
3,LB400,PUF,S3,3_LB400_PUF_S3,10.397,NA,89.83040991,0.555290159,1.923213153,431.8852405,0.158677571,19.26067801,2.39256989,48.54673869,0.866329764,67.22872765,1.640242393,2.163409538,0.035740755,8.699951463,5.018471995,50.11055658,17.05696538,116.2638495,37.14279081,1.945478696,4.776644362,0.059431475,0.068694211,9.665122011,11.89072624,25.60632888,20.07879623,37.72117335,1.05842676,0.198185992,0.043228875,1.550710359,0.041242869,0.182284413,9.001040053,0.597014655,4.868495659,1.771232775,21.79200132,3.265021203,2.469895836,2.64896844,11.81507367,10.24111802,7.105909975,17.50641365,1.303550459,0.069957286,2.022904258,0.281471632,0.123964661,1.842156962,0.699982959,10.15239972,0.93625781,5.411163107,6.989247814,0.277457689,0.368515438,0.287202164,0.23458293,0.205633783,0.016184357,0.029657678,0.009417603,0.012766558,0.33723948,0.038852178,1.390361756,0.495086291,1.026782854,0.681152128,0,0.149107424,2.583777655,1.087103978,0.972362271,0.261628449,0.280550453,4.007041413,0.224084019,0.056596731,1.676216356,0.41601133,0.166280891,0.020308182,0.374124002,0.007951976,0.128957302,0.067897995,2.372932162,0.010105764,0.01678436,0.044730556,0.077516365,0.24073127,1.043615233,0.011720269,0.009130903,0.028977119,0.027117467,0.007520597,0.004585928,0.06513096,0.420347886,0.045601095,0.029037321,0.228881171,0.032386855,0.075911395,0.325903178,0.185493115,0.043682692,0.03792235,0.079179788,0.009261495,0.017102414,0.071190647,0.008267064,0.08341543,0.603156176,0.015998304,0.014750043,0.018256497,0.319836053,0.02510514,0.007274848,0.041469494,0.050571279,0.007443875,0.006170786,0.008264915,0.015101503,0.028021189,0.010262838,0.020274387,0,0.368204539,0.262984097,0.070654895,0.051491113,0.02131427,0.034303367,0.039045331,0.033921764,0.048540056,0.053018825,0.032157887,0.048896243,0.034373727,0.090842628,0.017978088,0.017251005,0.083060344,0.041151425,0.126192938,0.015637864,0,0,0.02037698,0.022917712,0.019794618,0.033024764,0.036611818,0.019525426,0.009226586,0.016547667,0.015417908,0.011018499,0.02946852,0.012416498,0.016738075,0.076466073
